{
  
  "name": "SimpleCarModel",
  "globalData": {
    "ambientCoeff": 0.5,
    "diffuseCoeff": 0.5,
    "specularCoeff": 0.5,
    "transparentCoeff": 0
  },
  "cameraData": {
    "position": [
      3.3005910798198226,
      2.834895776443444,
      2.7210132915432736
    ],
    "up": [
      -0.4262526457440601,
      0.833561211076031,
      -0.3514034567070299
    ],
    "heightAngle": 45,
    "look": [
      -0.6431756656818719,
      -0.5524271059510572,
      -0.5302351890295668
    ]
  },
  "groups": [
    {
      
      "translate": [
        0.53,
        1.23,
        0.15
      ],
      "rotate": [
        0,
        1,
        -9,
        0
      ],
      "scale": [
        0.32,
        0.32,
        0.32
      ],
      "primitives": [
        {
          "type": "sphere",
          "diffuse": [
            1,
            1,
            1
          ],
          "specular": [
            1,
            1,
            1
          ],
          "ambient": [
            0.5,
            0.5,
            0.5
          ],
          "shininess": 1}
      ],
      "groups": [
        {
          
          "translate": [
            0,
            0,
            -1.11
          ],
          "rotate": [
            0,
            1,
            0,
            0
          ],
          "scale": [
            1,
            1,
            1
          ],
          "primitives": [
            {
              "type": "sphere",
              "diffuse": [
                1,
                1,
                1
              ],
              "specular": [
                1,
                1,
                1
              ],
              "ambient": [
                0.5,
                0.5,
                0.5
              ],
              "shininess": 1}
          ]
        }
      ]
    },
    {
      
      "translate": [
        0.25,
        0,
        0
      ],
      "rotate": [
        0,
        1,
        0,
        0
      ],
      "scale": [
        1,
        1,
        1
      ],
      "lights": [
        {
          "type": "directional",
          "color": [
            1,
            1,
            1
          ],
          "direction": [
            1,
            1,
            1
          ]}
      ]
    },
    {
      
      "translate": [
        0,
        -0.15,
        0
      ],
      "rotate": [
        0,
        0,
        1,
        0
      ],
      "scale": [
        8.01,
        0.17,
        9.29
      ],
      "primitives": [
        {
          "type": "cube",
          "diffuse": [
            0.99,
            1,
            1
          ],
          "specular": [
            0.39,
            1,
            0.01
          ],
          "ambient": [
            0.5,
            0.5,
            0.5
          ],
          "shininess": 47}
      ],
      "groups": []
    },
    {
      "lights": [
        {
          "color": [
            1,
            1,
            1
          ],
          "type": "directional",
          "direction": [
            0,
            -1,
            0
          ]}
      ]},
    {
      "primitives": [
        {
          "ambient": [
            0.1,
            0.1,
            0.1
          ],
          "diffuse": [
            0.8,
            0,
            0
          ],
          "specular": [
            1,
            1,
            1
          ],
          "shininess": 32,
          "type": "cube"}
      ],
      "translate": [
        0,
        0.5,
        0
      ],
      "scale": [
        2,
        0.5,
        1
      ],
      
      "groups": [
        {
          
          "translate": [
            0.78,
            0.1,
            0
          ],
          "rotate": [
            0,
            0,
            1,
            -79
          ],
          "scale": [
            1,
            0.72,
            0.72
          ],
          "groups": [],
          "primitives": [
            {
              "type": "cone",
              "diffuse": [
                1,
                0.01,
                0
              ],
              "specular": [
                0.5,
                0.52,
                0
              ],
              "ambient": [
                1,
                0.5,
                0.5
              ],
              "shininess": 1}
          ]
        },
        {
          
          "translate": [
            0,
            0.54,
            0
          ],
          "rotate": [
            0,
            1,
            0,
            0
          ],
          "scale": [
            0.28,
            1,
            1
          ],
          "primitives": [
            {
              "type": "cylinder",
              "diffuse": [
                1,
                0.32,
                0.16
              ],
              "specular": [
                1,
                1,
                1
              ],
              "ambient": [
                0.48,
                0.5,
                0.5
              ],
              "shininess": 20}
          ]
        }
      ]
    },
    {
      "primitives": [
        {
          "ambient": [
            0.1,
            0.1,
            0.1
          ],
          "diffuse": [
            0.5,
            0,
            0
          ],
          "specular": [
            1,
            1,
            1
          ],
          "shininess": 32,
          "type": "cube"}
      ],
      "translate": [
        0,
        1.25,
        0
      ],
      "scale": [
        1.2,
        0.5,
        0.8
      ]},
    {
      "primitives": [
        {
          "ambient": [
            0.05,
            0.05,
            0.05
          ],
          "diffuse": [
            0.2,
            0.2,
            0.2
          ],
          "specular": [
            1,
            1,
            1
          ],
          "shininess": 32,
          "type": "cylinder"}
      ],
      "translate": [
        -0.9,
        0.25,
        0.6
      ],
      "scale": [
        0.6,
        0.3,
        0.6
      ],
      
      "rotate": [
        1,
        0,
        0,
        90
      ]
    },
    {
      "primitives": [
        {
          "ambient": [
            0.05,
            0.05,
            0.05
          ],
          "diffuse": [
            0.2,
            0.2,
            0.2
          ],
          "specular": [
            1,
            1,
            1
          ],
          "shininess": 32,
          "type": "cylinder"}
      ],
      "translate": [
        0.9,
        0.25,
        0.6
      ],
      "scale": [
        0.6,
        0.3,
        0.6
      ],
      
      "rotate": [
        1,
        0,
        0,
        90
      ]
    },
    {
      "primitives": [
        {
          "ambient": [
            0.05,
            0.05,
            0.05
          ],
          "diffuse": [
            0.2,
            0.2,
            0.2
          ],
          "specular": [
            1,
            1,
            1
          ],
          "shininess": 32,
          "type": "cylinder"}
      ],
      "translate": [
        -0.9,
        0.25,
        -0.6
      ],
      "scale": [
        0.6,
        0.3,
        0.6
      ],
      
      "rotate": [
        1,
        0,
        0,
        90
      ]
    },
    {
      "primitives": [
        {
          "ambient": [
            0.05,
            0.05,
            0.05
          ],
          "diffuse": [
            0.2,
            0.2,
            0.2
          ],
          "specular": [
            1,
            1,
            1
          ],
          "shininess": 32,
          "type": "cylinder"}
      ],
      "translate": [
        0.9,
        0.25,
        -0.6
      ],
      "scale": [
        0.6,
        0.3,
        0.6
      ],
      
      "rotate": [
        1,
        0,
        0,
        90
      ]
    }
  ]
}